Name,PlayTime,Duration,Feedback,Avatar,Scratch
apbyuf3er0daaxejyvlmapbyuf1i6g1f,9.132337,243.701,Perfect video dude,avatar exist,Scratch Game works
31ibhnukv5d8831idphowysm51pcv41p,8.13944,230.961,Perfect video dude,avatar exist,Scratch Game works
un2aw2ur8o1wq2aun2aw2c4nky6asz21,9.890501,255.161,Perfect video dude,avatar exist,Scratch Game works
vqfhhe28ulculsxh2ovfn6vqfho8iin9,8.783108,297.161,video is too long,avatar exist,Scratch Game works
mub18hys8t4w95o4emub18f0gcczea2y,8.99112,241.161,Perfect video dude,avatar exist,Scratch Game works
jn9e842ni68n0yjn9e8ek116txol6rde,8.929559,282.201,video is too long,avatar exist,Scratch Game works
mztztak0arpey9y5xgmztztq5zljs6rk,9.881146,333.001,video is too long,avatar exist,Scratch Game works
08nz4pq9d44bzxobzphue08nz4pqiy0s,9.916211,484.881,video is too long,avatar exist,Scratch Game works
tcho3fwqr2gbdy1xntchovpb9tcywr1w,8.957363,194.901,Perfect video dude,avatar exist,Scratch Game works
j5k6xylw6e0imbzxnj5k6xy26u3d7t8k,9.913754,208.781,Perfect video dude,avatar exist,Scratch Game works
g7bkiafcztw0zbhbtyvrjg7bkij5n3iv,9.029533,212.301,Perfect video dude,avatar exist,Scratch Game works
yfobwogxrd34tazaiyfoskky6kr8im25,9.932012,219.441,Perfect video dude,avatar exist,Scratch Game works
xw2qfodesxzmizj85xw2qfwjh7wl5wjh,8.944658,187.281,Perfect video dude,avatar exist,Scratch Game works
d2pwki8110f2h520d9xbd2pwkiof25p7,8.954832,567.921,video is too long,avatar exist,Scratch Game works
ub2s4yumfqkwojzqjgub2s4tlba0ua1g,8.920705,363.681,video is too long,avatar exist,Scratch Game works
s63l9d5amb1sewzmvu6s63l9d5hs0zwm,9.418463,286.941,video is too long,avatar exist,Scratch Game works
ldju9sjmn3qy2zbe9ld8v9nl09wxdtxi,9.918358,747.821,video is too long,avatar exist,Scratch Game works
bp5eqehsymix1snitbp5el7jlofgrnn3,9.904373,353.381,video is too long,avatar exist,Scratch Game works
69sinrn392sw349s69s7zjjv266uncjw,9.938177,347.101,video is too long,avatar exist,Scratch Game works
youjdbyah33oyoujb87qm9w9e1hgaxb8,9.01442,298.361,video is too long,avatar exist,Scratch Game works
l54ivcc3wu7lxku2injq10l54ivc9k42,9.804216,176.341,Perfect video dude,avatar exist,Scratch Game works
9tmx01ikrkutcgrss6g9tmx01cvs4fsf,9.030515,224.081,Perfect video dude,avatar exist,Scratch Game works
po8zsgza3uq2ipq8072po8zstpoh8v2l,8.583037,113.201,video is too short,avatar exist,Scratch Game works
7tz8i0sn0qlqz72ppo6k7tz8i0s68wnz,8.976286,318.821,video is too long,avatar exist,Scratch Game works
5ah6ekw13m8lknb51e5ah6ekw13raini,9.453848,440.901,video is too long,avatar exist,Scratch Game works
6xjmkse0tup1q9ytd7fq6xjmksvd9pv0,9.919766,383.981,video is too long,avatar exist,Scratch Game works
vj4uimu7lnn8yo1bvj4uidmtvvn29ca2,9.934609,282.681,video is too long,avatar exist,Scratch Game works
bhxjck9q8veqb5z8ii3qq7bhxcoq4ju7,9.537001,220.121,Perfect video dude,avatar exist,Scratch Game works
twfcz2dl6ygbrymx2zqtwfcz2my5ep12,8.950248,264.501,Perfect video dude,avatar exist,Scratch Game works
f7iziudyb274lc4g8v4nvs1f7iziucld,0,NaN,Video is not working,avatar exist,Scratch Game works
5xk9odltrj2rwhxuj45xk9oku0sx202p,8.967336,284.781,video is too long,avatar exist,Scratch Link is broken
eq8dndql24k158g099rfeq8dnh5x9s2l,9.988706,229.781,Perfect video dude,avatar exist,Scratch Game works
tis00otvpe0x2ehercdctis001euwbr6,0,NaN,Video is not working,avatar exist,Scratch Game works
w2bvkf2rymcwc5lw2bvkfc99s5c8q493,9.933787,337.281,video is too long,avatar exist,Scratch Game works
7wwg3b3bphpxd7i13u7wwg3btswrskn3,9.926519,239.121,Perfect video dude,avatar exist,Scratch Game works
ie7gfegzdg23nwgqyaerie7gfx5ouh3i,8.861495,527.381,video is too long,avatar exist,Scratch Game works
5amtuc82qku9hurdl5amh9eg4n082gp8,9.15677,330.881,video is too long,avatar exist,Scratch Game works
ye18k28lgi5zw9rux87ye18k28aarp3r,8.932825,451.561,video is too long,avatar exist,Scratch Game works
qd35p404lcrc38uo736h6qd35p452tbb,8.848162,303.801,video is too long,avatar exist,Scratch Game works
oi8vmeo2gotjaidbz6bzoi8vmeolci32,8.985885,255.121,Perfect video dude,avatar exist,Scratch Game works
ac2fy6ao2m211w7ft8sac2fy6o8nja6m,9.069007,267.581,Perfect video dude,avatar exist,Scratch Game works
vadn2ul9kgdp3nxu32ucvadn2ng09obc,0,NaN,Video is not working,avatar exist,Scratch Game works
mcldsf7k850jjsfga0j8smcldshpt0v2,8.896987,327.301,video is too long,avatar exist,Scratch Game works
6rbmhc534w9gkan8x324h7cd6rbmhxy1,8.965119,301.161,video is too long,avatar exist,Scratch Game works
x6vfkr9v7tl63tprx6vtz8y07vit1c2a,8.733362,375.581,video is too long,avatar exist,Scratch Game works
z8bvmzl2x1mc5sjr4z8bvmzl82hipso4,9.915318,264.681,Perfect video dude,avatar exist,Scratch Game works
6rvqjmg2noayuqn1plpzq6rvqjmg2n3r,9.952431,316.441,video is too long,avatar exist,Scratch Game works
rrnparaadcxt8hcxs8x2jrrnparams7j,0,NaN,Video is not working,avatar exist,Scratch Game works
gqh5oewpx2hzvsesgqh5jjmsjkb5ruia,8.91177,308.601,video is too long,avatar exist,Scratch Game works
iehvebp4tcok4ai7uiehe8jkoexow2qr,0,NaN,Video is not working,avatar exist,Scratch Game works
7i45r23l0ehikd4grn7i45xitmwewv4d,0,NaN,Video is not working,avatar exist,Scratch Game works
pklj7u88tcz83xqz91f6fpklj9y80q3h,0,NaN,Video is not working,avatar exist,Scratch Game works
9be0t4yvtg771mqr4u49be0tz71tyem9,9.925001,372.001,video is too long,avatar exist,Scratch Game works
5ttl7vb6ratz75t7ngry79z4rpx2ouqy,9.934685,218.581,Perfect video dude,avatar exist,Scratch Game works
czb0aq6lf897co0w71qczb0aq6mykna5,9.927369,255.141,Perfect video dude,avatar exist,Scratch Game works
z11cazx11nsz3zea08gvz11cangc3zsi,9.418601,257.681,Perfect video dude,avatar exist,Scratch Game works
nc6ev1iqdnjxonx6vnc6ev1o4jtep90q,16.783647,253.081,Perfect video dude,avatar exist,Scratch Game works
zfttlsxrn56fbl3vq7zfttlra9afj1p0,9.467228,279.221,Perfect video dude,avatar exist,Scratch Game works
yx3w5w2zpd9wu4nuyx3w5d7ocsfquh7f,9.929174,181.941,Perfect video dude,avatar exist,Scratch Game works
k1a8ridh17p02zyk1a8gncjdl04kvqbz,9.916113,285.241,video is too long,avatar exist,Scratch Game works
4gomy83cj5lug4gowi4gyihc5ynv911g,8.938677,355.101,video is too long,avatar exist,Scratch Game works
hg7m1vloln8i3rsuplyhg7m1kfa043wh,,,Video Link is broken,avatar exist,Scratch Game works
n9dwhjz87o5dxxtnn9dw7zdms7t2j1ww,8.737475,255.161,Perfect video dude,avatar exist,Scratch Game works
fzkbak7qzec7erffzkkcndckpu4ky0s1,8.931696,141.221,Perfect video dude,avatar exist,Scratch Game works
l180dpcp3lr4rln7v97x0l180dpc10io,9.926826,365.061,video is too long,avatar exist,Scratch Game works
z5d9uzq5flw2hl796z5d95rurotubair,9.122269,316.821,video is too long,avatar exist,Scratch Game works
5p6xhkwf4z3r9pwmi5p6x50mc5m8wqb8,8.99803,463.681,video is too long,avatar exist,Scratch Game works
fkrtki531v2k36fkrtkts2mbqxi9v2cf,9.038796,263.421,Perfect video dude,avatar exist,Scratch Game works
inecaichk3blrqswr5wgwinecai0tpmd,9.928053,252.741,Perfect video dude,avatar exist,Scratch Game works
dri1mjdryvj2b6gzhidri1tizfnizmp6,9.437741,188.581,Perfect video dude,avatar exist,Scratch Game works
n6dztauyva1b21pygtn6dztans8583sf,0,NaN,Video is not working,avatar exist,Scratch Game works
but9eo5re2ul2ynjzvgbut9eo5jxu9ow,8.886248,435.921,video is too long,avatar exist,Scratch Game works
dd6ocfhh8egyod07sixdd6oc3iiet6dt,9.145278,323.521,video is too long,avatar exist,Scratch Game works
oidy2dyej2cv0z74rqsoidy2l45189lz,9.297029,373.141,video is too long,avatar exist,Scratch Game works
gqo763eksc6djftqddygqo752qttix8g,9.014297,234.321,Perfect video dude,avatar exist,Scratch Game works
2itpmy0jop69ufbycs2itpm5pmaiooou,8.935687,183.821,Perfect video dude,avatar exist,Scratch Game works
16t0zt4yujjr7qvsmn16t0ztehfl9v61,9.178908,280.721,video is too long,avatar exist,Scratch Game works
7chd5hhzpxlrszgc5l27chd9hdet8u2b,9.932396,307.621,video is too long,avatar exist,Scratch Game works
bf6cvhkq72irwlfbf6ch7f8nndzrxn3e,8.442838,280.361,video is too long,avatar exist,Scratch Game works
bsa7uz6zrbfoegths3sbsa7uz6y80jay,9.570546,119.501,video is too short,avatar exist,Scratch Game works
jtthdsxgwj8dpfqoxjtthdtphc84lsw9,22.822526,279.421,Perfect video dude,avatar exist,Scratch Game works
msem4gv8z4yqqpdmsemd5mtf2e0vuk8c,9.931225,261.281,Perfect video dude,avatar exist,Scratch Game works
pm01wo88fz2scedfepm0ltkebo2vaanr,,,Video Link is broken,avatar exist,Scratch Game works
8qlnljp00a70xq18qlnlzlqs0kw21meb,8.921497,280.901,video is too long,avatar exist,Scratch Game works
u1cb4qs1vr2t8qxzfztu1cb0atffrdvb,9.123359,270.281,Perfect video dude,avatar exist,Scratch Game works
ik55411jdsws46869v549ik55410ciy0,8.741766,264.861,Perfect video dude,avatar exist,Scratch Game works
j8p8c1u4r25mmxj8p8el8e79o2xey104,9.921367,346.921,video is too long,avatar exist,Scratch Game works
hkamgezxynpsu56to4mtbohkamgejnlx,8.727635,384.921,video is too long,avatar exist,Scratch Game works
3nib5bat1ldilsefi3nib5jx87t2yxf4,9.946146,391.281,video is too long,avatar exist,Scratch Game works
ljmhp1hnt4l9h3p147ejjtljmhp1c7og,8.918713,228.801,Perfect video dude,avatar exist,Scratch Game works
zykhfrz3heafcwmabetzykpvlwxybnta,9.415867,227.521,Perfect video dude,avatar exist,Scratch Game works
s8isg8hxvf3mt6x4s5hr44s8isg81fap,8.924955,198.961,Perfect video dude,avatar exist,Scratch Game works
5613s59mu4giij1o48k5613s5a0ajlzk,9.942324,463.161,video is too long,avatar exist,Scratch Game works
mmhbr50kssd2grx4ont4mmuwpd48lhrt,9.100922,270.721,Perfect video dude,avatar exist,Scratch Game works
okqnj7ha8p0q47z0okqnjvy2bbdb5mgc,9.462043,241.761,Perfect video dude,avatar exist,Scratch Game works
99w7sfcx6tqrsefb99w7m1eyfwlp292n,9.096674,279.701,Perfect video dude,avatar exist,Scratch Game works
odf8osx2tlbkpptfodf848cn8c25m3r7,9.420386,177.921,Perfect video dude,avatar exist,Scratch Game works
xo4epjifqd2dxo4qyajaocbf4wvihx2e,8.902308,428.561,video is too long,avatar exist,Scratch Game works
ifs6jkcn7jkpw23l0ijgifs6jpfnn66n,9.932861,427.261,video is too long,avatar exist,Scratch Game works
pwd5ey71cjqzdnrqyvpwd5e342025vnf,9.941708,257.521,Perfect video dude,avatar exist,Scratch Game works
w547j0i753an8iqa3hw547j0hc2fyejs,8.74261,306.401,video is too long,avatar exist,Scratch Game works
y5cbemsb52sa9scqrtqe97yy5cbemsii,8.701409,275.541,Perfect video dude,avatar exist,Scratch Game works
4m7lprxcuvjai3a4m7l5b7lyxwmx0ec3,9.93378,476.861,video is too long,avatar exist,Scratch Game works
wyl7ilmsqymbzczh9lwyl7i6734qsseq,8.966644,258.061,Perfect video dude,avatar exist,Scratch Game works
78ddt5du9xtsjka8gbu378d9x40dro4r,8.990587,250.521,Perfect video dude,avatar exist,Scratch Game works
9g7tcovivl1gyhaci1h9g7typpusttfi,9.171099,259.761,Perfect video dude,avatar exist,Scratch Game works
l5jejwhibfkopjh59l5jeykm1o6pp9i8,9.067236,227.321,Perfect video dude,avatar not found,Scratch Game works
iamthgf847fniambtfzzcxu4at7s0ym2,9.728678,255.521,Perfect video dude,avatar exist,Scratch Game works
gu16odwp6x55qp2urhgn2rgu16o5cnaq,9.933529,294.801,video is too long,avatar exist,Scratch Game works
rc2g9trrnqbz7nm0lo0jrc2wwn5hwb02,9.961948,267.321,Perfect video dude,avatar exist,Scratch Game works
rw2a0qul52h03hplhcrw2a002x5fb21x,9.935588,230.761,Perfect video dude,avatar exist,Scratch Game works
vp4og5d9n50abbilfemvp4og5d9d1ei2,8.820482,245.901,Perfect video dude,avatar exist,Scratch Game works
abf96zotbi8p57j1b1kroabf96zng08r,9.938366,286.561,video is too long,avatar exist,Scratch Game works
ywp4irrec0e5p7kyywp4ntdjoac4u77k,0,NaN,Video is not working,avatar exist,Scratch Link is broken
m33liw05sz02hry0m33liw0x5vkrit5d,9.03877,229.521,Perfect video dude,avatar exist,Scratch Game works
1ta2l5vbd1tudegfylwdryronmikmwud,19.825116,191.141,Perfect video dude,avatar exist,Scratch Game works
kilvkpmiypubl3b702aikilvk4zftfi1,,,Video Link is broken,avatar exist,Scratch Game works
gwf4kvjr0ftd730gwf4k5jf1o7n2qjom,0,NaN,Video is not working,avatar exist,Scratch Game works
cqga7pno978drcqga7368zpe6irh81m3,9.943179,240.281,Perfect video dude,avatar exist,Scratch Game works
czve7iwtbih25oczvhnej2d1j5dt3mxp,,,Video not playing,avatar exist,Scratch Game works
o74c99w66gw5ybsexo74c9ybqxdc8utc,9.91347,235.601,Perfect video dude,avatar exist,Scratch Game works
x4xxgf7ukr55pqx4xxclh8a203n9guwd,9.926165,191.141,Perfect video dude,avatar exist,Scratch Game works
dddctm09tu9l757ej92dddctk8pmsqia,9.89529,171.101,Perfect video dude,avatar exist,Scratch Game works
reyh1vbroeirl308votas7hreyh1vbro,9.931306,322.061,video is too long,avatar exist,Scratch Game works
pyv8pudyl9pyv8rd57yzdpk21awaengv,9.933422,217.281,Perfect video dude,avatar exist,Scratch Game works
b0crbf0la6itu8cb070xgy323gcazghd,8.989608,288.761,video is too long,avatar exist,Scratch Game works
aoddu5tuyaolddn09y3sxwr2dv5t7ncl,9.935366,297.541,video is too long,avatar exist,Scratch Game works
ycl4s35e365z21q3scce3ycl4s37ri1i,9.95468,326.481,video is too long,avatar exist,Scratch Game works
e4u2ua7p4j33exe718e4u2yuz3gjvmam,9.256206,262.181,Perfect video dude,avatar exist,Scratch Game works
ftc4xy14s8e1fkgxftc4xmajgxiq7jv4,,,Video not playing,avatar exist,Scratch Game works
gy986r7se2f7q448agy98uwl02ay0ehd,9.020413,311.141,video is too long,avatar exist,Scratch Game works
t6zcdhmgzf5hb12tt6tmd5ly0zjnpqzz,9.915325,243.801,Perfect video dude,avatar exist,Scratch Game works
sq0wab0mmdmiwgcdhr5sq0w2ekrndbos,8.68371,411.401,video is too long,avatar exist,Scratch Game works
54ph90q94r546ejld8lun54ph90am8lf,9.93253,322.061,video is too long,avatar exist,Scratch Game works
uhpje6d7ejrew7eyuhptpri6yorjj128,9.475043,224.681,Perfect video dude,avatar exist,Scratch Game works
e09fh337k9vzr4fkczc76e09fhld8a5a,9.145483,289.841,video is too long,avatar exist,Scratch Game works
w68kr03pawxnb02uxw68kv3q4v1nhs69,9.944337,308.281,video is too long,avatar exist,Scratch Game works
p7dku3tmje1pq8qs73fdtp7dku3n6idy,9.935747,225.661,Perfect video dude,avatar exist,Scratch Game works
0re4z5dledth00eajl10re42sqvt0w01,9.048383,198.561,Perfect video dude,avatar exist,Scratch Game works
xgtgs3w2za85gr6oaqnxgtgs3qqowqa4,9.00581,282.961,video is too long,avatar exist,Scratch Game works
bl3bot1p7s4a4nfwbt27vfbaycekigvt,9.461602,275.601,Perfect video dude,avatar exist,Scratch Game works
7vix0lhzv8yscx1x1o5i7vifigsi5p1s,8.877302,524.721,video is too long,avatar exist,Scratch Game works
a7tjsi78nwm530iscbfa7tjsipdola1a,0,NaN,Video is not working,avatar exist,Scratch Game works
7m7su1cdgcblyfmr7m7su7h5cd8b290a,8.883729,249.201,Perfect video dude,avatar exist,Scratch Game works
ptg356u18dt0r8wez2zaptg356u1k7n4,9.915594,248.841,Perfect video dude,avatar exist,Scratch Game works
p37z0a47tpe1lqx28y6bp37z0a4izv7x,8.940654,221.801,Perfect video dude,avatar exist,Scratch Game works
4ss398t79rlohwe44ss33uta1qyrnq73,9.595104,366.281,video is too long,avatar exist,Scratch Game works
0f38fjpyczar9x4x9st0f38ft6uo46yz,9.943386,255.821,Perfect video dude,avatar exist,Scratch Game works
la681wqa3f8xg4j75c3jla681wqa9iwk,0,NaN,Video is not working,avatar exist,Scratch Game works
ypg75tixn1q7rwt2nypg75qlliiev174,9.952411,221.221,Perfect video dude,avatar exist,Scratch Game works
7gvloqzon52ukxrx7gvloap3ubzxv8ua,9.019833,231.701,Perfect video dude,avatar exist,Scratch Game works
n2vrxh99ls12s6fboxv93kun2vrxh9zh,8.955958,507.461,video is too long,avatar exist,Scratch Game works
q9em6gtwgnnkgdlhqp64yq9em6d8wvtu,10.454186,266.381,Perfect video dude,avatar exist,Scratch Game works
d4wezkaiwhq7yyxd4wezqxanc28iivo8,9.953361,231.621,Perfect video dude,avatar exist,Scratch Game works
xpna31fx6tq1x71f2dxpna319n53xh6p,,,Video Link is broken,avatar exist,Scratch Game works
ljlgeq5k4l7unuljl7m0crf90ilo738b,9.005449,223.021,Perfect video dude,avatar exist,Scratch Game works
xmvct6qvn64z2u8chxmvcto0arc7k0u1,9.113525,259.061,Perfect video dude,avatar exist,Scratch Game works
jrmrsc0oumsvi786fxjrmrspr9qpv9nl,9.91512,221.701,Perfect video dude,avatar exist,Scratch Game works
3x1tf16jvquc909g9c2pizn3x1tf221o,9.141783,240.201,Perfect video dude,avatar exist,Scratch Game works
muu21tp77bzowpxk36nmuu21tpwhcnm8,9.910805,261.781,Perfect video dude,avatar exist,Scratch Game works
a8pst9x0sij615nm5i5gco7a8pst9xl2,9.057481,290.881,video is too long,avatar exist,Scratch Game works
og0vh3o4tcgtupipcq89edog0vwhvuog,9.443182,256.301,Perfect video dude,avatar exist,Scratch Game works
kads8abnavkouipflkadso06wctt7xhr,9.296001,230.101,Perfect video dude,avatar exist,Scratch Game works
no0h63se5hrri893lhno0h63snnmzozx,8.617102,268.421,Perfect video dude,avatar exist,Scratch Game works
b0d6isshyqqqahglwfvidnb0d6isdsdn,9.16901,369.461,video is too long,avatar exist,Scratch Game works
j19gx6dibnwfnd0zakuj19gx0jl3wbym,8.977739,265.241,Perfect video dude,avatar exist,Scratch Game works
xe98xljz70329m3or5fuxe98xlwb4m65,9.914781,242.921,Perfect video dude,avatar exist,Scratch Game works
7lokv7qnkuass7lokl8mcvkrvqhru612,9.11598,232.701,Perfect video dude,avatar exist,Scratch Game works
nsj5z61mfsk13gb5n6ensj5rdfof4h3r,9.946342,360.781,video is too long,avatar exist,Scratch Game works
lrwz8mi7mnzk90lrwz8mldehhp9hwpls,9.697501,447.601,video is too long,avatar exist,Scratch Game works
9vp0euhdo9uyowa9vp0ewp9sb605ea30,9.007053,379.401,video is too long,avatar exist,Scratch Game works
ymy2cy6cv95fuke2ymy2cyik31yf32xh,8.807003,243.421,Perfect video dude,avatar exist,Scratch Game works
ayh6gvqw8nokdqugi67mayh6gvqwjtdn,8.978099,449.961,video is too long,avatar exist,Scratch Game works
ow3sfuqtzitomqz3jow3nqd7wxxk6lds,9.912833,444.141,video is too long,avatar exist,Scratch Game works
xv6ucubnfvqc50yy3ekrjxv6ucumz0y4,8.833254,217.981,Perfect video dude,avatar exist,Scratch Game works
knygirqgvfwnkmz608knygirqoctav2m,9.15299,326.961,video is too long,avatar exist,Scratch Game works
pf0140x9q1ougbb1w1wispf0140x0ufs,8.844664,265.781,Perfect video dude,avatar exist,Scratch Game works
acu7g3g0spvha7aggjmacu7yuh55oehb,,,Video Link is broken,avatar exist,Scratch Game works
1193iloxb7jyfl1193heztvws63fnaet,9.429022,228.521,Perfect video dude,avatar exist,Scratch Game works
va09vjzumqlpwva09psshna21hadoq9a,9.071741,244.321,Perfect video dude,avatar exist,Scratch Game works
9flyq5fo955u8vdwd9flyqc6e3wk4cq5,8.876136,63.181,video is too short,avatar exist,Scratch Game works
ycqqckfreike9s7372pycqqckwzi289j,9.052017,109.061,video is too short,avatar exist,Scratch Game works
b8shdvg8hrgrj4hpbrrb8shdhjwdralz,9.107489,336.221,video is too long,avatar exist,Scratch Game works
ou23amhq8v1e2opbsou23am58isj0g9d,9.271351,238.481,Perfect video dude,avatar exist,Scratch Game works
obqwnpqbt0sc1w01o2cobqwnp032ee6u,0,NaN,Video is not working,avatar exist,Scratch Game works
a4au8wihyy1ggiedp5oa4au8qdndkim4,9.204697,233.221,Perfect video dude,avatar exist,Scratch Game works
bl1o50vbpet5jkiiqcm0m4bl1o50argl,9.798431,377.421,video is too long,avatar exist,Scratch Game works
d8zwbpel5cmbrbd8z2g16zqu3r83duw0,0,NaN,Video is not working,avatar exist,Scratch Game works
04s6aa402tj4pevziy5qa04s6aa4q019,8.433568,286.601,video is too long,avatar exist,Scratch Game works
kj0dr2xopufuo4kj0drqsou6brsbwnk9,8.411855,336.261,video is too long,avatar exist,Scratch Game works
bkyulfpmw6c8g08zuzbkyus2onabj924,9.066647,337.401,video is too long,avatar exist,Scratch Game works
du02rknyzq1ca1uqi0wdu0gz29qhodeq,9.469446,260.741,Perfect video dude,avatar exist,Scratch Game works
o9gmvf5ja49j755zo9gmn0qknst70xik,9.937139,360.021,video is too long,avatar exist,Scratch Game works
e9ypmb6xke9eiq5yne9y61dus6erg2l5,9.92442,402.561,video is too long,avatar exist,Scratch Game works
lgveego1qny18njdplgvee29nfsxdtwt,9.84732,247.361,Perfect video dude,avatar exist,Scratch Game works
tejs43dob5ah3fllvxtejs43dgvntn4a,9.071464,321.521,video is too long,avatar exist,Scratch Game works
o2ilbr8o1g995ql8o2ilbr8g7du1koc4,9.002045,256.001,Perfect video dude,avatar exist,Scratch Game works
bdxtejlrsqnafi0vfyvbbdxted28s9e1,9.297053,429.501,video is too long,avatar exist,Scratch Game works
ya0fqu9s4nfmihya0fet4nk2zgmn53p7,8.885017,114.501,video is too short,avatar exist,Scratch Game works
fvpdo10dbb00owzmfvpdo1vj1enzuxcj,9.065369,182.381,Perfect video dude,avatar not found,Scratch Game works
w7k0ezvfdvb49lbpw7k0e5dsvziid8lh,,,Video Link is broken,avatar exist,Scratch Game works
uypy10c8peyf6vw2geuypva640009l1o,8.955024,216.701,Perfect video dude,avatar exist,Scratch Game works
oej70j47bf0uhv453c61toej70j4ej90,9.419748,233.421,Perfect video dude,avatar exist,Scratch Game works
arg1s81c2o1y3f2zo4arg1srpd99eq9p,9.915968,414.701,video is too long,avatar exist,Scratch Game works
i92xt6xifwq65lpanus4ci92xt6x5urq,9.000677,489.561,video is too long,avatar exist,Scratch Game works
zuyd75umxayqmshdmkqm2zuyd75u9fw5,8.874254,270.981,Perfect video dude,avatar exist,Scratch Game works
9ds4qi4kdhtgrepdcw89ds4uj39vle41,8.420775,339.381,video is too long,avatar exist,Scratch Game works
tzr0mhkyf67si8hycptzrckh5br8lmin,8.628425,298.741,video is too long,avatar exist,Scratch Game works
jig40onp6cazgpkvq2bcjig40q5zv0dg,9.933994,239.041,Perfect video dude,avatar exist,Scratch Game works
seo2lgapsokdfbg0nmseo2lbicsupy7l,9.932474,305.281,video is too long,avatar exist,Scratch Game works
wtx1jg611uz8zzvwge8wtx1jrbf941v9,8.887473,313.361,video is too long,avatar exist,Scratch Game works
2g63yx50trl5b4k9ysmq32g63yxdbf53,9.931722,448.721,video is too long,avatar exist,Scratch Game works
tko71t0j1kttxs61tko71610x432ux8j,8.594976,256.381,Perfect video dude,avatar exist,Scratch Game works
yu4nwnwnrsb893d97inuyu4nwnw0kii8,8.792267,220.321,Perfect video dude,avatar exist,Scratch Game works
qhxrjfvhozi1vsxvoqhxrjp0ozp8ksdc,8.978142,511.461,video is too long,avatar exist,Scratch Game works
whzs5m5jrt7rnpj59nwhzs5mv1730eid,9.06859,250.441,Perfect video dude,avatar exist,Scratch Game works
rii2f2sa7wlc0a37ngfrii2f2v0b2mt3,9.850311,239.841,Perfect video dude,avatar exist,Scratch Game works
rdestvhnzzkrdj06jalk0xalrdestvhn,9.369954,240.661,Perfect video dude,avatar exist,Scratch Game works
cx9cmvvsi270ak4kbcx9cmqp505mqvha,8.319836,228.921,Perfect video dude,avatar exist,Scratch Game works
jrpe6h4o6ffmyms9jrpeq62u1bf76kh4,8.809853,98.021,video is too short,avatar exist,Scratch Game works
pxnizc13zph0ois2ppxnizccbw8s5i3r,9.934915,243.861,Perfect video dude,avatar exist,Scratch Game works
